Counter,Original QA,Created template,AQ-relation direction,First placeholder type,Found relation,Second placeholder type,Constraint relation,Example 1 expansion,Example 2 expansion
1,what character did Natalie Portman play in star wars? Padmé Amidala,what character did _Q_ play in star wars? _A_,True,fictional human,performer,human,No constraint relation,what character did Brock Peters play in star wars? Lucius Fox,what character did Martin Freeman play in star wars? Dr. John Watson
3,what country is the grand bahama island in? Bahamas,what country is the _Q_ in? _A_,False,island,country,country,No constraint relation,what country is the Princess Royal Island in? Canada,what country is the Tobishima in? Japan
4,what kind of money to take to Bahamas? Bahamian dollar,what kind of money to take to _Q_? _A_,False,sovereign state,currency,currency,No constraint relation,what kind of money to take to Samoa? Samoan tālā,what kind of money to take to Solomon Islands? Solomon Islands dollar
5,what character did john noble play in lord of the rings? Denethor Ii,what character did _Q_ play in lord of the rings? _A_,True,men in Tolkien's legendarium,performer,human,No constraint relation,what character did Maxim Baldry play in lord of the rings? Isildur,what character did Harry Sinclair play in lord of the rings? Isildur
6,who does Joakim Noah play for? Chicago Bulls,who does _Q_ play for? _A_,False,human,member of sports team,basketball team,No constraint relation,who does Miro Bilan play for? ASVEL Basket,who does Joe Stephens play for? ASVEL Basket
12,who did the Philippines gain independence from? United States Of America,who did the _Q_ gain independence from? _A_,False,country,diplomatic relation,sovereign state,No constraint relation,who did the Canada gain independence from? Sweden,who did the Canada gain independence from? Lithuania
14,who is the prime minister of Ethiopia? Hailemariam Desalegn,who is the prime minister of _Q_? _A_,True,['human'],country of citizenship,"['landlocked country', 'country', 'sovereign state']",No constraint relation,Search space issue,Search space issue
15,what high school did president Bill Clinton attend? Hot Springs High School,what high school did president _Q_ attend? _A_,False,human,educated at,high school,No constraint relation,what high school did president Bill Cunliffe attend? Phillips Academy,what high school did president George R. Carter attend? Phillips Academy
18,what did the German revolution lead to? German Democratic Republic,what did the _Q_ lead to? _A_,False,historical event,country,historical country,No constraint relation,what did the Alsace-Lorraine Soviet Republic lead to? Weimar Republic,what did the 1981 protests in Kosovo lead to? Yugoslavia
22,what is the president of Brazil? Dilma Rousseff,what is the president of _Q_? _A_,True,['human'],country of citizenship,"['secular state', 'country', 'sovereign state', 'federal republic', 'Rechtsstaat']",No constraint relation,Search space issue,Search space issue
25,what is medicare a? Centers for Medicare and Medicaid Services,what is _Q_ a? Centers for Medicare and _A_ Services,False,government program,different from,government program,No constraint relation,what is High Intensity Drug Trafficking Area a? Centers for Medicare and Organized Crime Drug Enforcement Task Forces Services,what is Paycheck Protection Program a? Centers for Medicare and Shuttered Venue Operators Grant Services
27,what season did tony soprano get shot? The Sopranos,what season did _Q_ get shot? _A_,False,fictional human,present in work,television series,No constraint relation,what season did Donna Noble get shot? Doctor Who,what season did Sarah Jane Smith get shot? Doctor Who
28,where do the San Francisco giants play home games? At&T Park,where do the _Q_ play home games? _A_,False,baseball team,home venue,stadium,No constraint relation,where do the Florida Complex League Orioles play home games? Ed Smith Stadium,where do the Fort Worth Cats play home games? Lon Goldstein Field
32,where to exchange euros in Pittsburgh? Allegheny County,where to exchange euros in _Q_? _A_ County,False,big city,located in or next to body of water,river,No constraint relation,where to exchange euros in Milton Keynes? River Great Ouse County,where to exchange euros in Hamburg? Alster County
33,when is summer in Australia Sydney? City of Sydney,when is summer in _Q_ _A_? City of _A_,True,city,country,country,No constraint relation,when is summer in Germany Friedrichshafen? City of Friedrichshafen,when is summer in Germany Friedrichshafen? City of Friedrichshafen
36,what college did Matt Lauer attend? Ohio University,what college did _Q_ attend? _A_,False,['human'],educated at,"['public educational institution of the United States', 'university']",No constraint relation,Search space issue,Search space issue
42,what sea does The Yangtze River flow into? East China Sea,what sea does The _Q_ flow into? _A_,False,river,mouth of the watercourse,marginal sea,No constraint relation,what sea does The Koyda flow into? White Sea,what sea does The Hai River flow into? Bohai Sea
43,who Miley Cyrus engaged to? Liam Hemsworth,who _Q_ engaged to? _A_,False,['human'],unmarried partner,['human'],No constraint relation,Search space issue,Search space issue
47,where do the ny rangers play? Madison Square Garden,where do the _Q_ play? _A_,False,ice hockey team,home venue,multi-purpose hall,No constraint relation,where do the Edmonton Oilers play? Rogers Place,where do the Tappara play? Tampere Deck Arena
50,when will oscar pistorius compete? 2012 Summer Olympics,when will _Q_ compete? _A_,False,human,participant in,Summer Olympic Games,No constraint relation,when will Antelothanasis compete? 1896 Summer Olympics,when will Antonios Papagiannou compete? 1896 Summer Olympics
53,what is the best currency to take to egypt 2013? Egyptian pound,what is the best _Q_ to take to egypt 2013? _A_,True,No type,instance of,No type,No constraint relation,Search space issue,Search space issue
56,what countries did queen victoria reign over? United Kingdom,what countries did _Q_ reign over? _A_,False,human,country of citizenship,historical country,No constraint relation,what countries did Jakob Gunnstveit reign over? Union between Sweden and Norway,what countries did Jens Christian Ferdinand Birch reign over? Union between Sweden and Norway
58,who plays meg in family guy? Mila Kunis,who plays _Q_ in family guy? _A_,False,fictional human,voice actor,human,No constraint relation,who plays Ran Mouri in family guy? Núria Trifol,who plays Ran Mouri in family guy? Lee Hyeon-jin
59,what high school did Tim Allen go to? Seaholm High School,what high school did _Q_ go to? _A_,False,human,educated at,high school,No constraint relation,what high school did Francis Burr go to? Phillips Academy,what high school did Franz J. Ingelfinger go to? Phillips Academy
60,what is the world's tallest building in Dubai called? Burj Khalifa,what is the world's tallest building in _Q_ called? _A_,True,skyscraper,located in the administrative territorial entity,big city,No constraint relation,what is the world's tallest building in Mexico City called? Torre Ejecutiva Pemex,what is the world's tallest building in São Paulo called? Andraus Building
62,who is the current president of The Dominican Republic in 2010? Leonel Fernández,who is the current president of The _Q_ in 2010? _A_,True,['human'],country of citizenship,"['archipelagic state', 'island nation', 'country', 'sovereign state']",No constraint relation,Search space issue,Search space issue
63,where do Baltimore ravens play? M&T Bank Stadium,where do _Q_ play? _A_,False,American football team,home venue,stadium,No constraint relation,where do James Madison Dukes football play? Bridgeforth Stadium and Zane Showker Field,where do Florida Atlantic Owls football play? FAU Stadium
65,who does Brandon Dubinsky play for? New York Rangers,who does _Q_ play for? _A_,False,human,member of sports team,ice hockey team,No constraint relation,who does Vladimir Shikhanov play for? HC Lada Togliatti,who does Vladimir Tarasov play for? HC Lada Togliatti
66,who all has dated Taylor Swift? Harry Styles,who all has dated _Q_? _A_,False,['human'],unmarried partner,['human'],No constraint relation,Search space issue,Search space issue
67,what is the dominant language in Israel? Hebrew Language,what is the dominant language in _Q_? _A_ Language,True,language,country,sovereign state,No constraint relation,what is the dominant language in Switzerland? German Language,what is the dominant language in France? French Language
69,who did rufus wainwright married? Jörn Weisbrodt,who did _Q_ married? _A_,False,['human'],spouse,['human'],No constraint relation,Search space issue,Search space issue
74,who was the apostle paul considered to be? Paul of Tarsus,who was the apostle _Q_ considered to be? Paul of _A_,False,human biblical figure,place of birth,city,No constraint relation,who was the apostle Elizabeth considered to be? Paul of Hebron,who was the apostle Jeremiah considered to be? Paul of Anathoth
77,who do Derek Fisher play for? Los Angeles Lakers,who do _Q_ play for? _A_,False,human,member of sports team,basketball team,No constraint relation,who do Von Wafer play for? Portland Trail Blazers,who do Greg Smith play for? Portland Trail Blazers
81,where did the Houston Oilers football team go? Tennessee Titans,where did the Houston Oilers _Q_ team go? _A_,True,American football team,sport,type of sport,No constraint relation,where did the Houston Oilers American football team go? Las Vegas Raiders,where did the Houston Oilers American football team go? Marburg Mercenaries
82,where did Pauley Perrette go to college? Valdosta State University,where did _Q_ go to college? _A_,False,['human'],educated at,"['public educational institution of the United States', 'public university']",No constraint relation,Search space issue,Search space issue
84,who is the senator of The United States 2010? Jefferson Sessions,who is the senator of The _Q_ 2010? _A_ Sessions,True,['human'],country of citizenship,"['democratic republic', 'country', 'superpower', 'constitutional republic', 'sovereign state', 'federal republic']",No constraint relation,Search space issue,Search space issue
85,what is the currency name of Brazil? Brazilian real,what is the _Q_ name of Brazil? _A_,True,No type,instance of,No type,No constraint relation,Search space issue,Search space issue
89,where is Jay Cutler now? Chicago Bears,where is _Q_ now? _A_,False,human,member of sports team,American football team,No constraint relation,where is Rickey Jackson now? New Orleans Saints,where is Vonta Leach now? New Orleans Saints
90,what are the 5 biggest cities in the Usa? New York,what are the 5 biggest cities in the _Q_? _A_,True,"['largest city', 'city in the state of New York', 'big city', 'global city', 'city', 'million city', 'city of the United States', 'port settlement']",country,"['federal republic', 'democratic republic', 'country', 'superpower', 'constitutional republic', 'democratic republic', 'country', 'sovereign state', 'superpower', 'constitutional republic', 'democratic republic', 'country', 'federal republic', 'sovereign state', 'superpower', 'constitutional republic', 'federal republic', 'sovereign state', 'federal republic', 'democratic republic', 'democratic republic', 'country', 'country', 'superpower', 'constitutional republic', 'superpower', 'constitutional republic', 'sovereign state', 'sovereign state', 'federal republic', 'federal republic', 'democratic republic', 'country', 'democratic republic', 'country', 'superpower', 'constitutional republic', 'democratic republic', 'country', 'superpower', 'constitutional republic', 'sovereign state', 'superpower', 'constitutional republic', 'sovereign state', 'federal republic', 'sovereign state', 'federal republic']",No constraint relation,Search space issue,Search space issue
91,where did Jeff Dunham go to school? Baylor University,where did _Q_ go to school? _A_,False,['human'],educated at,"['private university', 'сhurch college', 'private not-for-profit educational institution']",No constraint relation,Search space issue,Search space issue
92,"what college did kevjumba? University Of California, Davis",what college did _Q_? _A_,False,['human'],educated at,"['open-access publisher', 'land-grant university', 'public educational institution of the United States', 'university', 'census-designated place']",No constraint relation,Search space issue,Search space issue
93,who does David James play for 2011? Bristol City F.C.,who does _Q_ play for 2011? _A_,False,['human'],member of sports team,['association football club'],No constraint relation,Search space issue,Search space issue
98,when did kings last win stanley cup? 2012 Stanley Cup Finals,when did kings last win _Q_? _A_,True,Stanley Cup,instance of,award,No constraint relation,when did kings last win Stanley Cup? 1923 Stanley Cup Finals,when did kings last win Stanley Cup? 1925 Stanley Cup Finals
99,"what school did William Shakespeare attend? King Edward VI School, Stratford-upon-Avon",what school did _Q_ attend? _A_,False,human,educated at,secondary school,No constraint relation,what school did Josh Levi attend? Auckland Grammar School,what school did Benson Stanley attend? Auckland Grammar School
106,what are the main languages spoken in Spain? Spanish Language,what are the main languages spoken in _Q_? _A_ Language,False,sovereign state,language used,modern language,No constraint relation,what are the main languages spoken in Finland? Bulgarian Language,what are the main languages spoken in Finland? Croatian Language
107,what songs did mozart write? 1034 Mozartia,what songs did _Q_ write? _A_,True,asteroid,named after,sovereign state,No constraint relation,what songs did Heidelberg write? 325 Heidelberga,what songs did Angola write? 1712 Angola
111,what is the name of the pittsburgh Steelers head coach? Mike Tomlin,what is the name of the _Q_ head coach? _A_,False,American football team,head coach,human,No constraint relation,what is the name of the 1910 Fairmount Wheatshockers football team head coach? Roy K. Thomas,what is the name of the Clemson Tigers football head coach? Dabo Swinney
115,what other discoveries did Isaac Newton discover? Reflecting telescope,what other discoveries did _Q_ discover? _A_,True,equipment,creator,human,No constraint relation,what other discoveries did Isaac Newton discover? reflecting telescope,what other discoveries did Dragoş Petrescu discover? Étriers made from the wheel rim of a Soviet-made Sputnik semi-racing bicycle
117,where is whistler mountain located? British Columbia,where is _Q_ located? _A_,False,['mountain'],located in the administrative territorial entity,['province of Canada'],No constraint relation,Search space issue,Search space issue
119,who is julia roberts married to 2012? Daniel Moder,who is _Q_ married to 2012? _A_,False,['human'],spouse,['human'],No constraint relation,Search space issue,Search space issue
121,who played mason capwell? Nancy Lee Grahn,who played _Q_? _A_,False,television series,cast member,human,No constraint relation,who played My Name Is Earl? Jasmine Jessica Anthony,who played My Name Is Earl? Geoffrey Lewis
122,what is James Madison most famous for? President of The United States,what is _Q_ most famous for? President of The _A_,False,['human'],country of citizenship,"['democratic republic', 'country', 'superpower', 'constitutional republic', 'sovereign state', 'federal republic']",No constraint relation,Search space issue,Search space issue
125,who plays captain Kirk in 2009? Chris Pine,who plays _Q_ in 2009? _A_,False,comics character,performer,human,No constraint relation,who plays Lois Lane in 2009? Kate Bosworth,who plays Riddler in 2009? Cory Michael Smith
126,where is The Kakadu National Park Located? Northern Territory,where is The _Q_ Located? _A_,False,national park of Australia,located in the administrative territorial entity,mainland territory of Australia,No constraint relation,where is The Mount Bundey Military Training Area Located? Northern Territory,where is The Mary River National Park Located? Northern Territory
130,who will David Beckham play for in 2013? Paris Saint-Germain F.C.,who will _Q_ play for in 2013? _A_,False,['human'],member of sports team,"['association football club', 'business']",No constraint relation,Search space issue,Search space issue
131,what language they speak in Taiwan? Standard Mandarin,what language they speak in _Q_? _A_,False,country,language used,modern language,No constraint relation,what language they speak in Hungary? Slovak,what language they speak in Finland? Chinese
134,where did Hernando cortez die? Castilleja de la Cuesta,where did _Q_ die? _A_,False,human,place of death,municipality of Spain,No constraint relation,where did José Antonio de la Loma Hernández die? Barcelona,where did Manuel de Pedrolo i Molina die? Barcelona
135,who was Liz Taylor married too? Richard Burton,who was _Q_ married too? _A_,False,['human'],spouse,['human'],No constraint relation,Search space issue,Search space issue
145,who is married to Garry Trudeau? Jane Pauley,who is married to _Q_? _A_,False,['human'],spouse,['human'],No constraint relation,Search space issue,Search space issue
146,where does Norway get their oil? Barents Euro-Arctic Council,where does _Q_ get their oil? _A_,False,country,member of,intergovernmental organization,No constraint relation,where does Uruguay get their oil? United Nations,where does Republic of Ireland get their oil? United Nations
150,what invention did Henry Ford invent? Ford Motor Company,what invention did _Q_ invent? _A_,True,brand,named after,tutelary,No constraint relation,what invention did Nokia invent? Nokia,what invention did Ninkasi invent? Ninkasi
153,who voiced meg in the pilot? Mila Kunis,who voiced _Q_ in the pilot? _A_,False,fictional human,voice actor,human,No constraint relation,who voiced Ran Mouri in the pilot? Núria Trifol,who voiced Ran Mouri in the pilot? Lee Hyeon-jin
154,where did Bashar Al Assad study? University Of Damascus,where did _Q_ study? _A_,False,human,educated at,public university,No constraint relation,where did Wiktor Szmulewicz study? Warsaw University of Life Sciences,where did Bogusław Molski study? Warsaw University of Life Sciences
156,who is the voice of Stewie Griffin from family guy? Seth Macfarlane,who is the voice of _Q_ from family guy? _A_,False,fictional human,voice actor,human,No constraint relation,who is the voice of Ran Mouri from family guy? Núria Trifol,who is the voice of Ash Ketchum from family guy? Balázs Szvetlov
158,who does Lea Michele dating in real life? Cory Monteith,who does _Q_ dating in real life? _A_,True,['human'],unmarried partner,['human'],No constraint relation,Search space issue,Search space issue
160,who does Billy Beane work for now? Oakland Athletics,who does _Q_ work for now? _A_,False,human,member of sports team,baseball team,No constraint relation,who does Akinari Kidachi work for now? Hanshin Tigers,who does Hideki Hara work for now? Hanshin Tigers
161,who were Anakin Skywalker's parents? Shmi Skywalker,who were _Q_'s parents? _A_,False,fictional human,family,fictional family,No constraint relation,who were Gino Terwilliger's parents? Terwilliger family,who were Shaggy Rogers's parents? Rogers family
165,who was emperor diocletian? Roman emperor,who was emperor _Q_? _A_,False,['human'],position held,"['position', 'noble title']",No constraint relation,Search space issue,Search space issue
169,what company did Henry Ford work for? Ford Motor Company,what company did _Q_ work for? _A_,True,brand,founded by,human,No constraint relation,what company did Lawrence M. Gelb work for? Clairol,what company did Jean Mantelet work for? Moulinex
175,what is the government of Spain today? Constitutional monarchy,what is the government of _Q_ today? _A_,False,sovereign state,basic form of government,form of government,No constraint relation,what is the government of Peru today? republic,what is the government of North Korea today? single-party state
176,where did Terrell Owens get traded to? Philadelphia Eagles,where did _Q_ get traded to? _A_,False,human,member of sports team,American football team,No constraint relation,where did Biren Ealy get traded to? New Orleans Saints,where did Brad Muster get traded to? New Orleans Saints
179,where did Jack Johnson go to high school? Kahuku High & Intermediate School,where did _Q_ go to high school? _A_,False,human,educated at,high school,No constraint relation,where did Francis Burr go to high school? Phillips Academy,where did Franz J. Ingelfinger go to high school? Phillips Academy
185,what is the political system in South Africa? Parliamentary republic,what is the political system in _Q_? _A_,False,country,basic form of government,form of government,No constraint relation,what is the political system in Estonia? republic,what is the political system in Ivory Coast? republic
186,what is the currency in Croatia 2012? Croatian kuna,what is the _Q_ in Croatia 2012? _A_,True,No type,instance of,No type,No constraint relation,Search space issue,Search space issue
187,where did Joe Montana go to high school? Ringgold High School,where did _Q_ go to high school? _A_,False,human,educated at,high school,No constraint relation,where did Bill Cunliffe go to high school? Phillips Academy,where did George R. Carter go to high school? Phillips Academy
190,what is the time zone in Oklahoma city? Central Time Zone,what is the _Q_ in Oklahoma city? _A_,True,No type,instance of,No type,No constraint relation,Search space issue,Search space issue
193,who was the first Russian president? Dmitry Medvedev,who was the first _Q_ president? _A_,True,['human'],"languages spoken, written or signed","['language', 'natural language', 'modern language']",No constraint relation,Search space issue,Search space issue
195,where was John Lennon standing when he was shot? New York City,where was _Q_ standing when he was shot? _A_,False,['human'],place of death,"['million city', 'city of the United States', 'port settlement', 'city', 'largest city', 'city in the state of New York', 'big city', 'global city']",No constraint relation,Search space issue,Search space issue
199,where to ski in andorra reviews? Ordino-Arcalis Ski Area,where to ski in _Q_ reviews? _A_ Ski Area,True,ski area,country,sovereign state,No constraint relation,where to ski in Austria reviews? Almenland Ski Area,where to ski in Italy reviews? Dolomiti Superski Ski Area
201,what type of government did England have during the glorious revolution? Constitutional monarchy,what type of government did _Q_ have during the glorious revolution? _A_,False,constituent country of the United Kingdom,basic form of government,form of government,No constraint relation,what type of government did Northern Ireland have during the glorious revolution? constitutional monarchy,what type of government did England have during the glorious revolution? parliamentary monarchy
202,who played dumbledore in the first movie? Richard Harris,who played _Q_ in the first movie? _A_,False,theatrical character,performer,human,No constraint relation,who played Albus Severus Potter in the first movie? Arthur Bowen,who played Ophelia in the first movie? Daisy Ridley
204,what is the center of London called? Trafalgar Square,what is the center of _Q_ called? _A_,True,tourist attraction,operator,strategic regional authority,No constraint relation,what is the center of Greater London Authority called? Trafalgar Square,what is the center of Greater London Authority called? Trafalgar Square
210,what currency do they accept in Kenya? Kenyan shilling,what _Q_ do they accept in Kenya? _A_,True,No type,instance of,No type,No constraint relation,Search space issue,Search space issue
215,where is the best place to vacation in The Dominican Republic? Santo Domingo,where is the best place to vacation in The _Q_? _A_,False,archipelagic state,named after,capital,No constraint relation,where is the best place to vacation in The Dominican Republic? Santo Domingo,where is the best place to vacation in The Dominican Republic? Lima
216,what made ancient rome fall? Capture of Rome,what made _Q_ fall? Capture of _A_,False,historical country,capital,ancient city,No constraint relation,what made Sasanian Empire fall? Capture of Istakhr,what made Sasanian Empire fall? Capture of Istakhr
219,when did the aurora colorado shooting take place? 2012 Aurora shooting,when did the aurora _Q_ shooting take place? _A_,True,mass murder,located in the administrative territorial entity,U.S. state,No constraint relation,when did the aurora Alaska shooting take place? Awa'uq Massacre,when did the aurora Texas shooting take place? Luby's massacre
224,what war was George Washington associated with? American Revolutionary War,what war was _Q_ associated with? _A_,False,human,conflict,war of national liberation,No constraint relation,what war was Esek Hopkins associated with? American Revolutionary War,what war was François Joseph Bouvet associated with? American Revolutionary War
225,who does Kris Humphries play for in the Nba? Brooklyn Nets,who does _Q_ play for in the Nba? _A_,False,human,member of sports team,basketball team,No constraint relation,who does Henri Rey play for in the Nba? ASVEL Basket,who does Arsène Ade-Mensah play for in the Nba? ASVEL Basket
228,what nationality was Andy Williams? United States Of America,what nationality was _Q_? _A_,False,['human'],country of citizenship,"['democratic republic', 'country', 'superpower', 'constitutional republic', 'sovereign state', 'federal republic']",No constraint relation,Search space issue,Search space issue
234,who plays Nathan Scott? James Lafferty,who plays _Q_? _A_,False,fictional human,performer,human,No constraint relation,who plays Samus Aran? Ai Kobayashi,who plays Sherlock Holmes? Peter Cushing
238,who is the prime minister of Ethiopia now? Meles Zenawi,who is the prime minister of _Q_ now? _A_,True,['human'],country of citizenship,"['landlocked country', 'country', 'sovereign state']",No constraint relation,Search space issue,Search space issue
240,who did johnny bench play for? Cincinnati Reds,who did _Q_ play for? _A_,False,human,member of sports team,baseball team,No constraint relation,who did Akinari Kidachi play for? Hanshin Tigers,who did Hideki Hara play for? Hanshin Tigers
242,where do Houston aeros play? Toyota Center,where do _Q_ aeros play? _A_,True,arena,located in the administrative territorial entity,city of the United States,No constraint relation,where do Split aeros play? Arena Gripe,where do Seattle aeros play? Climate Pledge Arena
245,what book did Niccolo Machiavelli write? The Prince,what book did _Q_ write? _A_,False,human,notable work,literary work,No constraint relation,what book did Homer write? Iliad,what book did Muriel Spark write? The Ballad of Peckham Rye
246,what college did drew Bledsoe? Washington State University,what college did _Q_? _A_,False,['human'],educated at,"['land-grant university', 'public educational institution of the United States', 'public university']",No constraint relation,Search space issue,Search space issue
248,who does Michael Vick play for? Philadelphia Eagles,who does _Q_ play for? _A_,False,human,member of sports team,American football team,No constraint relation,who does Biren Ealy play for? New Orleans Saints,who does Brad Muster play for? New Orleans Saints
249,what is Anderson Silva trained in? Mixed Martial Artist,what is _Q_ trained in? _A_,False,['human'],sport,['type of sport'],No constraint relation,Search space issue,Search space issue
254,who played Lois Lane in superman 1? Margot Kidder,who played _Q_ in superman 1? _A_,False,comics character,performer,human,No constraint relation,who played Superman in superman 1? Channing Tatum,who played Superman in superman 1? Tom Welling
257,where did France surrender Ww2? Mediterranean Sea,where did _Q_ surrender Ww2? _A_,False,country,located in or next to body of water,mediterranean sea,No constraint relation,where did Montenegro surrender Ww2? Mediterranean Sea,where did Israel surrender Ww2? Mediterranean Sea
258,when was the 2012 Calgary stampede? 1988 Winter Olympics,when was the 2012 _Q_ stampede? _A_,True,Winter Olympic Games,location,big city,No constraint relation,when was the 2012 Innsbruck stampede? 1976 Winter Olympics,when was the 2012 Innsbruck stampede? 1976 Winter Olympics
260,what kind of money do the Philippines use? Philippine peso,what kind of money do the _Q_ use? _A_,False,sovereign state,currency,currency,No constraint relation,what kind of money do the Samoa use? Samoan tālā,what kind of money do the Solomon Islands use? Solomon Islands dollar
267,what style of art does Andy Warhol do? Pop art,what style of art does _Q_ do? _A_,False,human,movement,architectural style,No constraint relation,what style of art does Federico Zuccari do? Renaissance,what style of art does Tullio Lombardo do? Renaissance
268,what county is Charlotte North Carolina? Mecklenburg County,what county is Charlotte _Q_? _A_,False,U.S. state,contains administrative territorial entity,county of North Carolina,No constraint relation,what county is Charlotte North Carolina? Chatham County,what county is Charlotte North Carolina? Madison County
273,who played Luke Skywalker in star wars episode 4? Mark Hamill,who played _Q_ in star wars episode 4? _A_,False,fictional human,performer,human,No constraint relation,who played Poison in star wars episode 4? Atsuko Tanaka,who played Leonard Hofstadter in star wars episode 4? Johnny Galecki
275,what was the first newspaper called in Australia? Sydney Gazette,what was the first newspaper called in _Q_? _A_,True,newspaper,country,sovereign state,No constraint relation,what was the first newspaper called in France? Le Monde diplomatique,what was the first newspaper called in Hungary? Q850945
280,who sang for pink floyd? David Gilmour,who sang for _Q_? _A_,False,rock group,has part or parts,human,No constraint relation,who sang for Nirvana? Dave Grohl,who sang for Ride? Andy Bell
281,who played John Connor friend in terminator 2? Edward Furlong,who played _Q_ friend in terminator 2? _A_,False,fictional human,performer,human,No constraint relation,who played Poison friend in terminator 2? Atsuko Tanaka,who played Leonard Hofstadter friend in terminator 2? Johnny Galecki
288,what do people in the czech republic speak? Czech Language,what do people in the _Q_ speak? _A_,False,country,language used,language,No constraint relation,what do people in the Central African Republic speak? French,what do people in the Algeria speak? French
295,what college did lil wayne graduated from? University Of Phoenix,what college did _Q_ graduated from? _A_,False,['human'],educated at,"['university', 'private for-profit educational institution']",No constraint relation,Search space issue,Search space issue
298,who is princess leia? Star Wars,who is _Q_? _A_,False,fictional human,first appearance,film,No constraint relation,who is Mon Mothma? Star Wars: Episode VI – Return of the Jedi,who is Phil Coulson? Iron Man
301,what language do they denmark? Danish Language,what language do they _Q_? _A_,False,country,language used,language,No constraint relation,what language do they Finland? Amharic,what language do they People's Republic of China? Zhuang
302,what was eli Whitney Nationality? United States Of America,what was _Q_ Nationality? _A_,False,['human'],country of citizenship,"['democratic republic', 'country', 'superpower', 'constitutional republic', 'sovereign state', 'federal republic']",No constraint relation,Search space issue,Search space issue
303,where was Dwight D. Eisenhower from? United States Of America,where was Dwight D. _Q_ from? _A_,False,['human'],country of citizenship,"['democratic republic', 'country', 'superpower', 'constitutional republic', 'sovereign state', 'federal republic']",No constraint relation,Search space issue,Search space issue
304,what team is Chris Paul on? Los Angeles Clippers,what team is _Q_ on? _A_,False,human,member of sports team,basketball team,No constraint relation,what team is Miro Bilan on? ASVEL Basket,what team is Joe Stephens on? ASVEL Basket
308,who is Kobe Bryant dad? Joe Bryant,who is _Q_ Bryant dad? _A_,False,['human'],father,['human'],No constraint relation,Search space issue,Search space issue
309,what is Wentworth Miller in? Prison Break,what is _Q_ in? _A_,True,television series,cast member,human,No constraint relation,what is Jane Lynch in? CSI: Crime Scene Investigation,what is Kate Mara in? CSI: Crime Scene Investigation
310,who killed harvey milk? Dan White,who killed _Q_? _A_,False,['human'],killed by,['human'],No constraint relation,Search space issue,Search space issue
312,what main language do they speak in Brazil? Portuguese Language,what main language do they speak in _Q_? _A_ Language,False,country,language used,language,No constraint relation,what main language do they speak in Central African Republic? French Language,what main language do they speak in Algeria? French Language
316,what is the jurisdiction of the us Supreme Court? United States Of America,what is the jurisdiction of the us _Q_? _A_,False,supreme court,applies to jurisdiction,sovereign state,No constraint relation,what is the jurisdiction of the us Federal Supreme Court of Switzerland? Switzerland,what is the jurisdiction of the us Supreme Administrative Court of Sweden? Sweden
318,what position does ray allen? Shooting guard,what position does _Q_? _A_,False,human,position played on team / speciality,basketball position,No constraint relation,what position does Aaron Brooks? point guard,what position does Gary Payton? point guard
319,where did chancellorsville battle take place? Spotsylvania County,where did _Q_ battle take place? _A_,False,battle,location,county of Virginia,No constraint relation,where did Battle of Chaffin's Farm battle take place? Henrico County,where did Battle of Darbytown Road battle take place? Henrico County
320,what year was the Cubs last world series? 1908 World Series,what year was the _Q_ last world series? _A_,True,sports season,winner,baseball team,No constraint relation,what year was the San Francisco Giants last world series? 2010 Major League Baseball season,what year was the San Francisco Giants last world series? 2010 World Series
322,who was king or queen after Victoria? Edward VII,who was king or queen after _Q_? _A_,False,['human'],child,['human'],No constraint relation,Search space issue,Search space issue
325,where is headquarters of Verizon? New York,where is headquarters of _Q_? _A_,False,public company,headquarters location,port settlement,No constraint relation,where is headquarters of Alleghany Corporation? New York City,where is headquarters of Alleghany Corporation? New York City
328,where did Boston terriers come from? United States Of America,where did _Q_ terriers come from? _A_,False,county seat,country,country,No constraint relation,where did Rock Island terriers come from? United States of America,where did Leola terriers come from? United States of America
330,who played juni in spy kids 4? Daryl Sabara,who played juni in _Q_? _A_,False,"['film', '3D film']",cast member,"['human', 'human']",No constraint relation,Search space issue,Search space issue
332,where did John Muir die? Los Angeles,where did _Q_ die? _A_,False,['human'],place of death,"['second largest city', 'city of the United States', 'city', 'charter city', 'big city', 'county seat']",No constraint relation,Search space issue,Search space issue
349,what team does Kris Humphries play for in 2011? Brooklyn Nets,what team does _Q_ play for in 2011? _A_,False,human,member of sports team,basketball team,No constraint relation,what team does Henri Rey play for in 2011? ASVEL Basket,what team does Arsène Ade-Mensah play for in 2011? ASVEL Basket
352,who plays Lois Griffin in family guy? Alex Borstein,who plays _Q_ in family guy? _A_,False,fictional human,voice actor,human,No constraint relation,who plays Monkey D. Luffy in family guy? Mayumi Tanaka,who plays Sakaki in family guy? Christine Auten
358,where did Robbie Hummel go to high school? Valparaiso High School,where did _Q_ go to high school? _A_,False,human,educated at,high school,No constraint relation,where did Francis Burr go to high school? Phillips Academy,where did Franz J. Ingelfinger go to high school? Phillips Academy
364,what system of government is used in South Korea? Constitutional republic,what system of government is used in _Q_? _A_,False,country,basic form of government,form of government,No constraint relation,what system of government is used in Cyprus? republic,what system of government is used in Estonia? republic
365,who won the governor election in Puerto Rico? Luis Fortuño,who won the governor election in _Q_? _A_,True,human,country of citizenship,political territorial entity,No constraint relation,who won the governor election in Puerto Rico? Gigi Fernández,who won the governor election in European Union? Sonia Paço-Rocchia
368,what college did Joe Namath go to? University Of Alabama,what college did _Q_ go to? _A_,False,['human'],educated at,"['public educational institution of the United States', 'public university']",No constraint relation,Search space issue,Search space issue
369,what wild animals live in Colorado? Lark Bunting,what wild animals live in _Q_? _A_,False,U.S. state,official symbol,taxon,No constraint relation,what wild animals live in Utah? Populus tremula,what wild animals live in California? California Quail
374,who plays the brother in Hannah Montana? Jason Earles,who plays the brother in _Q_? _A_,False,television series,cast member,human,No constraint relation,who plays the brother in My Name Is Earl? Jasmine Jessica Anthony,who plays the brother in My Name Is Earl? Geoffrey Lewis
375,what team does Lamar Odom play for 2011? Los Angeles Clippers,what team does _Q_ play for 2011? _A_,False,human,member of sports team,basketball team,No constraint relation,what team does Miro Bilan play for 2011? ASVEL Basket,what team does Joe Stephens play for 2011? ASVEL Basket
377,who did Michael Jordan marry? Yvette Prieto,who did _Q_ marry? _A_,False,['human'],spouse,['human'],No constraint relation,Search space issue,Search space issue
378,what team does Terrell Owens play for this year? Cincinnati Bengals,what team does _Q_ play for this year? _A_,False,human,member of sports team,American football team,No constraint relation,what team does Biren Ealy play for this year? New Orleans Saints,what team does Brad Muster play for this year? New Orleans Saints
382,what college did Kerry Collins? Pennsylvania State University,what college did _Q_? _A_,False,['human'],educated at,"['open-access publisher', 'public research university']",No constraint relation,Search space issue,Search space issue
384,what kind of money does the Philippines use? Philippine peso,what kind of money does the _Q_ use? _A_,False,sovereign state,currency,currency,No constraint relation,what kind of money does the Samoa use? Samoan tālā,what kind of money does the Solomon Islands use? Solomon Islands dollar
386,what is the last movie Brittany Murphy made? 8 Mile,what is the last movie _Q_ made? _A_,True,['film'],cast member,['human'],No constraint relation,Search space issue,Search space issue
387,what kind of language do they speak in China? Standard Mandarin,what kind of language do they speak in _Q_? _A_,False,country,language used,language,No constraint relation,what kind of language do they speak in Papua New Guinea? Rotokas,what kind of language do they speak in People's Republic of China? Zhuang
388,what office does Hillary Clinton hold? United States Secretary of State,what office does _Q_ hold? _A_ Secretary of State,False,['human'],country of citizenship,"['democratic republic', 'country', 'superpower', 'constitutional republic', 'sovereign state', 'federal republic']",No constraint relation,Search space issue,Search space issue
392,what continent is the Usa located in? North America,what continent is the _Q_ located in? _A_,False,country,continent,continent,No constraint relation,what continent is the Tanzania located in? Africa,what continent is the Comoros located in? Africa
393,what are the 3 official languages of Spain? Spanish Language,what are the 3 official languages of _Q_? _A_ Language,False,sovereign state,official language,language,No constraint relation,what are the 3 official languages of Uruguay? Spanish Language,what are the 3 official languages of San Marino? Italian Language
398,who did George Lucas get engaged to? Mellody Hobson,who did _Q_ get engaged to? _A_,False,['human'],spouse,['human'],No constraint relation,Search space issue,Search space issue
408,what team Chris Paul play for? Los Angeles Clippers,what team _Q_ play for? _A_,False,human,member of sports team,basketball team,No constraint relation,what team Miro Bilan play for? ASVEL Basket,what team Joe Stephens play for? ASVEL Basket
409,what currency should i take to Jamaica? Jamaican dollar,what _Q_ should i take to Jamaica? _A_,True,No type,instance of,No type,No constraint relation,Search space issue,Search space issue
410,what is Illinois State Bird? Northern Cardinal,what is _Q_ State Bird? _A_,False,U.S. state,official symbol,taxon,No constraint relation,what is Utah State Bird? Populus tremula,what is California State Bird? California Quail
411,what language do u speak in Egypt? Modern Standard Arabic,what language do u speak in _Q_? Modern Standard _A_,False,sovereign state,official language,language,No constraint relation,what language do u speak in Central African Republic? Modern Standard French,what language do u speak in Zimbabwe? Modern Standard Kalanga
416,who play Luke Skywalker? Mark Hamill,who play _Q_? _A_,False,fictional human,performer,human,No constraint relation,who play Poison? Atsuko Tanaka,who play Leonard Hofstadter? Johnny Galecki
417,what is the best island to visit in Greece? Ionian Islands,what is the best island to visit in _Q_? _A_,True,island group,country,country,No constraint relation,what is the best island to visit in Japan? Yaeyama Islands,what is the best island to visit in Canada? Tennent Islands
422,when was the last time the Toronto maple leafs make the playoffs? 1967 Stanley Cup Finals,when was the last time the _Q_ make the playoffs? _A_ Finals,True,Stanley Cup,winner,ice hockey team,No constraint relation,when was the last time the Pittsburgh Penguins make the playoffs? 2017 Stanley Cup Finals Finals,when was the last time the St. Louis Blues make the playoffs? 2019 Stanley Cup Finals Finals
423,"what kind of insurance does geico offer? Fire, Marine, and Casualty Insurance","what kind of _Q_ does geico offer? Fire, Marine, and _A_ Insurance",True,Types of insurance contracts,subclass of,economic activity,No constraint relation,"what kind of insurance does geico offer? Fire, Marine, and property insurance Insurance","what kind of insurance does geico offer? Fire, Marine, and property insurance Insurance"
424,who is the prime minister of New Zealand now? John Key,who is the prime minister of _Q_ now? _A_,True,['human'],country of citizenship,"['Commonwealth realm', 'island nation', 'country', 'sovereign state']",No constraint relation,Search space issue,Search space issue
428,who does Tim Howard play for club? Everton F.C.,who does _Q_ play for club? _A_,False,['human'],member of sports team,['association football club'],No constraint relation,Search space issue,Search space issue
436,where president Nixon was born? Yorba Linda,where president _Q_ was born? _A_,False,['human'],place of birth,['city of the United States'],No constraint relation,Search space issue,Search space issue
442,what year did Florida marlins win The World Series? 2003 World Series,what year did _Q_ win The World Series? _A_,True,sports season,winner,baseball team,No constraint relation,what year did San Francisco Giants win The World Series? 2010 Major League Baseball season,what year did San Francisco Giants win The World Series? 2010 World Series
444,who is Leann Rimes with now? Eddie Cibrian,who is _Q_ with now? _A_,False,['human'],spouse,['human'],No constraint relation,Search space issue,Search space issue
446,what countries did queen Elizabeth Ii rule? United Kingdom,what countries did _Q_ rule? _A_,False,['human'],country of citizenship,"['Commonwealth realm', 'island nation', 'realm', 'country', 'sovereign state', 'colonial power']",No constraint relation,Search space issue,Search space issue
450,where does Ben Stiller live in Ny? New York,where does _Q_ live in Ny? _A_,False,['human'],place of birth,"['million city', 'city of the United States', 'port settlement', 'city', 'largest city', 'city in the state of New York', 'big city', 'global city']",No constraint relation,Search space issue,Search space issue
451,what is the official language in Mexico? Spanish Language,what is the official language in _Q_? _A_ Language,False,sovereign state,official language,language,No constraint relation,what is the official language in Central African Republic? French Language,what is the official language in Guinea? French Language
455,who is the manager of the St Louis cardinals? Mike Matheny,who is the manager of the _Q_? _A_,False,baseball team,head coach,human,No constraint relation,who is the manager of the Tampa Bay Rays? Kevin Cash,who is the manager of the Samsung Lions? Huh Sam-young
458,what is the currency in Australia 2011? Australian dollar,what is the _Q_ in Australia 2011? _A_,True,No type,instance of,No type,No constraint relation,Search space issue,Search space issue
467,who is ruling tunisia now? Ali Laarayedh,who is ruling _Q_ now? _A_,True,['human'],country of citizenship,"['republic', 'country', 'Mediterranean country', 'sovereign state']",No constraint relation,Search space issue,Search space issue
468,who played Eowyn in the lord of the rings movies? Miranda Otto,who played _Q_ in the lord of the rings movies? _A_,False,film character,performer,human,No constraint relation,who played Aragorn in the lord of the rings movies? Viggo Mortensen,who played Patrick Bateman in the lord of the rings movies? Christian Bale
469,where is the parliament in South Africa? Cape Town,where is the parliament in _Q_? _A_,False,sovereign state,capital,capital,No constraint relation,where is the parliament in Switzerland? Bern,where is the parliament in Antigua and Barbuda? Saint John's
471,what type of cancer did huell howser die of? Prostate cancer,what type of cancer did _Q_ die of? _A_,False,No type,cause of death,No type,No constraint relation,Search space issue,Search space issue
472,what timezone is Minneapolis in? Central Time Zone,what timezone is _Q_ in? _A_,False,city of the United States,located in time zone,time zone,No constraint relation,what timezone is Centralia in? Pacific Time Zone,what timezone is San Leandro in? Pacific Time Zone
475,where is isthmus of Panama located? Costa Rica,where is isthmus of _Q_ located? _A_,False,sovereign state,shares border with,country,No constraint relation,where is isthmus of Lithuania located? Poland,where is isthmus of Belgium located? Netherlands
476,what is the money of Argentina called? Argentine peso,what is the money of _Q_ called? _A_,True,currency,country,country,No constraint relation,what is the money of Argentina called? Argentine peso,what is the money of Kenya called? Kenyan shilling
477,what college did Matt Schaub play for? Virginia Cavaliers football,what college did _Q_ play for? _A_ Cavaliers football,False,human,member of sports team,American football team,No constraint relation,what college did Anthony Castonzo play for? Boston College Eagles football Cavaliers football,what college did Brian St. Pierre play for? Boston College Eagles football Cavaliers football
478,where was Alice Paul born? Mount Laurel Township,where was _Q_ born? _A_,False,human,place of birth,township of New Jersey,No constraint relation,where was Patricia Darcy Jones born? Orange,where was Ray Yagiello born? Orange
479,what did John Quincy Adams died of? Cerebral hemorrhage,what did _Q_ died of? _A_,False,human,cause of death,disease,No constraint relation,what did Vigen Babayan died of? carcinoma,what did Tomasz Lengren died of? carcinoma
484,what money is used in the Maldives? Maldivian rufiyaa,what money is used in the _Q_? _A_,False,sovereign state,currency,currency,No constraint relation,what money is used in the Samoa? Samoan tālā,what money is used in the Solomon Islands? Solomon Islands dollar
485,where does Mike Leach coach? Washington State Cougars football,where does _Q_ coach? Washington State Cougars _A_,False,['human'],sport,['type of sport'],No constraint relation,Search space issue,Search space issue
487,where did Jrr Tolkien live? United Kingdom,where did _Q_ live? _A_,False,['human'],country of citizenship,"['Commonwealth realm', 'island nation', 'realm', 'country', 'sovereign state', 'colonial power']",No constraint relation,Search space issue,Search space issue
491,who plays the voice of Lois Griffin? Alex Borstein,who plays the voice of _Q_? _A_,False,fictional human,voice actor,human,No constraint relation,who plays the voice of Monkey D. Luffy? Mayumi Tanaka,who plays the voice of Sakaki? Christine Auten
492,what team does Sergio Aguero play for? Argentina national football team,what team does _Q_ play for? Argentina national _A_ team,False,['human'],sport,"['type of sport', 'Olympic sport', 'spectator sport']",No constraint relation,Search space issue,Search space issue
494,who is the present chief justice of The U.S. Supreme Court? John Roberts,who is the present chief justice of The U.S. _Q_? _A_,False,supreme court,chairperson,human,No constraint relation,who is the present chief justice of The U.S. Supreme Court of Justice? Elisabeth Lovrek,who is the present chief justice of The U.S. Court of Cassation? Beatrijs Deconinck
496,what did einstein invent? Einstein refrigerator,what did _Q_ invent? _A_,True,absorption refrigerator,discoverer or inventor,human,No constraint relation,what did Leó Szilárd invent? Einstein refrigerator,what did Albert Einstein invent? Einstein refrigerator
497,who does Josh Hutcherson play in the hunger games? Peeta Mellark,who does _Q_ play in the hunger games? _A_,True,literary character,performer,human,No constraint relation,who does LeVar Burton play in the hunger games? Geordi La Forge,who does Ralph Fiennes play in the hunger games? Professor Moriarty
502,what language do denmark? Danish Language,what language do _Q_? _A_,False,country,language used,language,No constraint relation,what language do Finland? Amharic,what language do People's Republic of China? Zhuang
503,who is Facebook's founder? Mark Zuckerberg,who is _Q_'s founder? _A_,False,website,founded by,human,No constraint relation,who is Swedish Academy's founder? Gustav III of Sweden,who is Dozhd's founder? Aleksandr Vinokurov
505,what language do people speak in Costa Rica? Spanish Language,what language do people speak in _Q_? _A_ Language,False,sovereign state,language used,language,No constraint relation,what language do people speak in Hungary? Slovene Language,what language do people speak in Belgium? French Language
506,what kind of music does John Mayer play? Pop rock,what kind of music does _Q_ play? _A_,False,['human'],genre,['music genre'],No constraint relation,Search space issue,Search space issue
511,what is Australian currency? Australian dollar,what is Australian _Q_? _A_,True,No type,instance of,No type,No constraint relation,Search space issue,Search space issue
512,what did Michelle Obama do? First Lady of The United States,what did _Q_ do? First Lady of The _A_,False,['human'],country of citizenship,"['democratic republic', 'country', 'superpower', 'constitutional republic', 'sovereign state', 'federal republic']",No constraint relation,Search space issue,Search space issue
513,what team does Chris Humphrey play for? Motherwell F.C.,what team does _Q_ play for? _A_,False,['human'],member of sports team,['association football club'],No constraint relation,Search space issue,Search space issue
516,where did pixie lott go to school? Italia Conti Academy Of Theatre Arts,where did _Q_ go to school? _A_,False,human,educated at,independent school,No constraint relation,where did David Bensusan-Butt go to school? Gresham's School,where did Cecil Graves go to school? Gresham's School
519,who is Hugh Hefner dating now in 2012? Crystal Harris,who is _Q_ dating now in 2012? _A_,False,['human'],spouse,['human'],No constraint relation,Search space issue,Search space issue
521,what is the name of Walt Disney'S son? Roy O. Disney,what is the name of _Q_ _A_'S son? Roy O. _A_,True,public company,founded by,human,No constraint relation,what is the name of Dustin Moskovitz Meta Platforms'S son? Roy O. Meta Platforms,what is the name of Amancio Ortega Inditex'S son? Roy O. Inditex
523,who was governor of Texas in 2003? Rick Perry,who was governor of _Q_ in 2003? _A_,True,human,residence,U.S. state,No constraint relation,who was governor of California in 2003? Carl Andersen,who was governor of California in 2003? Sivi Aberg
525,what is the currency used in Tunisia? Tunisian dinar,what is the _Q_ used in Tunisia? _A_,True,No type,instance of,No type,No constraint relation,Search space issue,Search space issue
526,what language group does Polish belong to? Lechitic languages,what language group does _Q_ belong to? _A_,False,language,subclass of,language family,No constraint relation,what language group does Mizo belong to? Sino-Tibetan,what language group does Lipo belong to? Loloish
532,who is Jennifer Lawrence boyfriend 2012? Nicholas Hoult,who is _Q_ boyfriend 2012? _A_,False,['human'],unmarried partner,['human'],No constraint relation,Search space issue,Search space issue
535,where did the Cuban missile crisis happen? Cuba Island,where did the _Q_ happen? _A_ Island,False,political crisis,country,country,No constraint relation,where did the Supreme Court crisis in Poland happen? Poland Island,where did the Protests against Polish judiciary reforms happen? Poland Island
536,which team does Ronaldinho play for 2013? Brazil national football team,which team does _Q_ play for 2013? Brazil national _A_ team,False,['human'],sport,"['type of sport', 'Olympic sport', 'spectator sport']",No constraint relation,Search space issue,Search space issue
537,who was the communist dictator of North Korea? Kim Jong-Il,who was the communist dictator of _Q_? _A_,True,['human'],country of citizenship,"['hermit kingdom', 'country', 'sovereign state', ""people's republic""]",No constraint relation,Search space issue,Search space issue
544,what currency does Brazil use? Brazilian real,what _Q_ does Brazil use? _A_,True,No type,instance of,No type,No constraint relation,Search space issue,Search space issue
546,where does The Zambezi River end? Indian Ocean,where does The _Q_ end? _A_,False,main stream,mouth of the watercourse,ocean,No constraint relation,where does The Seine end? English Channel,where does The Zambezi River end? Indian Ocean
553,who does the voice of lois in family guy? Alex Borstein,who does the voice of _Q_ in family guy? _A_,False,fictional human,voice actor,human,No constraint relation,who does the voice of Monkey D. Luffy in family guy? Mayumi Tanaka,who does the voice of Sakaki in family guy? Christine Auten
556,who was Arthur Miller influenced by? Henrik Ibsen,who was _Q_ influenced by? _A_,False,['human'],influenced by,['human'],No constraint relation,Search space issue,Search space issue
559,who is the current queen of Australia? Elizabeth Ii,who is the current queen of _Q_? _A_,False,sovereign state,head of state,human,No constraint relation,who is the current queen of Latvia? Egils Levits,who is the current queen of Republic of Ireland? Michael D. Higgins
560,where did Galileo go to school? University Of Pisa,where did _Q_ go to school? _A_,False,['human'],educated at,"['open-access publisher', 'public university']",No constraint relation,Search space issue,Search space issue
561,who did David Villa play for? Spain national football team,who did _Q_ play for? Spain national _A_ team,False,['human'],sport,"['type of sport', 'Olympic sport', 'spectator sport']",No constraint relation,Search space issue,Search space issue
563,what currency should i take to Dubai? United States dollar,what _Q_ should i take to Dubai? _A_,False,No type,model item,No type,No constraint relation,Search space issue,Search space issue
565,who shot and killed president John F Kennedy? Lee Harvey Oswald,who shot and killed president _Q_? _A_,False,['human'],killed by,['human'],No constraint relation,Search space issue,Search space issue
568,what state was Hillary Clinton a senator for? New York,what state was _Q_ a senator for? _A_,False,human,work location,city,No constraint relation,what state was Eleanor Roosevelt a senator for? New York City,what state was Cándido Camero a senator for? New York City
570,who the voice of Lois Griffin? Alex Borstein,who the voice of _Q_? _A_,False,fictional human,voice actor,human,No constraint relation,who the voice of Monkey D. Luffy? Mayumi Tanaka,who the voice of Sakaki? Christine Auten
573,where is South Carolina located? United States Of America,where is _Q_ located? _A_,False,U.S. state,located in the administrative territorial entity,federal republic,No constraint relation,where is Indiana located? United States of America,where is Washington located? United States of America
575,who is the current coach of the Chicago bulls? Tom Thibodeau,who is the current coach of the _Q_? _A_,True,human,member of sports team,basketball team,No constraint relation,who is the current coach of the ASVEL Basket? Miro Bilan,who is the current coach of the ASVEL Basket? Joe Stephens
576,what language is mainly spoken in England? English Language,what language is mainly spoken in _Q_? _A_ Language,False,constituent country of the United Kingdom,language used,modern language,No constraint relation,what language is mainly spoken in England? English Language,what language is mainly spoken in Wales? English Language
584,who played Samuel Sullivan in heroes? Robert Knepper,who played _Q_ in heroes? _A_,False,television character,performer,human,No constraint relation,who played The Doctor in heroes? Sylvester McCoy,who played James T. Kirk in heroes? William Shatner
586,what Time Zone is Cincinnati oh in? North American Eastern Time Zone,what Time Zone is _Q_ oh in? _A_ Zone,False,big city,located in time zone,time zone,No constraint relation,what Time Zone is Minsk oh in? Eastern European Time Zone,what Time Zone is Vancouver oh in? Pacific Time Zone Zone
589,where is Mallorca? Mediterranean Sea,where is _Q_? _A_,False,island,located in or next to body of water,inland sea,No constraint relation,where is Avşa? Sea of Marmara,where is île Maïre? Mediterranean Sea
592,what character does Mila Kunis play on family guy? Meg Griffin,what character does _Q_ play on family guy? _A_,True,fictional human,voice actor,human,No constraint relation,what character does Núria Trifol play on family guy? Ran Mouri,what character does Lee Hyeon-jin play on family guy? Ran Mouri
593,who played Anakin Skywalker in phantom menace? Jake Lloyd,who played _Q_ in phantom menace? _A_,False,fictional human,performer,human,No constraint relation,who played Lucius Fox in phantom menace? Brock Peters,who played Dr. John Watson in phantom menace? Martin Freeman
594,what language do the people in Ghana speak? English Language,what language do the people in _Q_ speak? _A_ Language,False,country,language used,modern language,No constraint relation,what language do the people in Hungary speak? Slovak Language,what language do the people in Finland speak? Chinese Language
597,what did king george vi die of? Lung cancer,what did _Q_ die of? _A_,False,human,cause of death,rare disease,No constraint relation,what did Kay Starr die of? Alzheimer's disease,what did Beryl Davis die of? Alzheimer's disease
599,where did Brad Paisley graduate from college? Belmont University,where did _Q_ graduate from college? _A_,False,['human'],educated at,"['university', 'private not-for-profit educational institution']",No constraint relation,Search space issue,Search space issue
603,what theme songs did Alan Thicke wrote? It Takes Diff'rent Strokes,what theme songs did _Q_ wrote? It Takes _A_,True,television series,composer,human,No constraint relation,what theme songs did Mark Isham wrote? It Takes Once Upon a Time,what theme songs did W. G. Snuffy Walden wrote? It Takes Friday Night Lights
605,who plays Sarah Wittle in jumanji? Bonnie Hunt,who plays Sarah Wittle in _Q_? _A_,False,['film'],cast member,['human'],No constraint relation,Search space issue,Search space issue
609,what is the closest airport to Naples Florida? Marco Island Airport,what is the closest airport to Naples _Q_? _A_,True,airport,located in the administrative territorial entity,U.S. state,No constraint relation,what is the closest airport to Naples Louisiana? Alexandria International Airport,what is the closest airport to Naples Ohio? Dayton–Wright Brothers Airport
613,who did Megan Fox have a baby with? Brian Austin Green,who did _Q_ have a baby with? _A_,False,['human'],unmarried partner,['human'],No constraint relation,Search space issue,Search space issue
617,what company did Mitt Romney run? Bain Capital,what company did _Q_ run? _A_,True,business,founded by,human,No constraint relation,what company did Peter F. Paul run? Stan Lee Media,what company did Eberhard Anheuser run? Anheuser-Busch
621,who drafted Kevin Garnett? Minnesota Timberwolves,who drafted Kevin _Q_? Minnesota _A_,False,human,drafted by,basketball team,No constraint relation,who drafted Kevin Brittainey Raven? Minnesota Atlanta Dream,who drafted Kevin Betnijah Laney? Minnesota Chicago Sky
622,what did Bruce Jenner win gold for? Athletics at the 1976 Summer Olympics - Men'S Decathlon,what did _Q_ win gold for? Athletics at the 1976 Summer Olympics - Men'S _A_,False,human,sports discipline competed in,sports discipline,No constraint relation,what did Amaro Antunes win gold for? Athletics at the 1976 Summer Olympics - Men'S road bicycle racing,what did Jin Yong-sik win gold for? Athletics at the 1976 Summer Olympics - Men'S road bicycle racing
623,who did the voice of Darth Vader in star wars? James Earl Jones,who did the voice of _Q_ in star wars? _A_,False,fictional human,voice actor,human,No constraint relation,who did the voice of Sam Fisher in star wars? Jeff Teravainen,who did the voice of Ran Mouri in star wars? Núria Trifol
625,who is prime minister of Japan 2011? Yoshihiko Noda,who is prime minister of _Q_ 2011? _A_,True,['human'],country of citizenship,"['island nation', 'country', 'sovereign state']",No constraint relation,Search space issue,Search space issue
626,what year did Aaron Rodgers get drafted? 2005 Nfl Draft,what year did _Q_ get drafted? _A_,False,human,drafted by,National Football League Draft,No constraint relation,what year did Aaron Rodgers get drafted? 2005 NFL Draft,what year did Charles Davis get drafted? 1987 NFL Draft
635,what type of currency does Egypt have? Egyptian pound,what type of _Q_ does Egypt have? _A_,True,No type,instance of,No type,No constraint relation,Search space issue,Search space issue
636,what club team is Diego Forlan on? Uruguay national football team,what club team is _Q_ on? Uruguay national _A_ team,False,['human'],sport,"['type of sport', 'Olympic sport', 'spectator sport']",No constraint relation,Search space issue,Search space issue
637,who is the leader of Cuba 2012? Raúl Castro,who is the leader of _Q_ 2012? _A_,True,['human'],country of citizenship,"['country', 'sovereign state']",No constraint relation,Search space issue,Search space issue
639,what features do Islam and Christianity have in common? Abrahamic religions,what features do Islam and _Q_ have in common? _A_,False,major religious group,subclass of,religion type,No constraint relation,what features do Islam and Islam have in common? Abrahamic religion,what features do Islam and Sikhism have in common? monotheistic religion
640,what was queen victoria queen of? United Kingdom,what was _Q_ queen of? _A_,False,human,country of citizenship,historical country,No constraint relation,what was Jakob Gunnstveit queen of? Union between Sweden and Norway,what was Jens Christian Ferdinand Birch queen of? Union between Sweden and Norway
645,what airport do you fly into to get to cabo san lucas? Cabo San Lucas International Airport,what airport do you fly into to get to _Q_? _A_,True,international airport,place served by transport hub,city,No constraint relation,what airport do you fly into to get to Edinburgh? Edinburgh Airport,what airport do you fly into to get to Conakry? Ahmed Sékou Touré International Airport
647,what does Nazis stand for? National Socialist Party,what does _Q_ stand for? _A_,True,political party in Germany,political ideology,political ideology,No constraint relation,what does Strasserism stand for? Socialist Reich Party,what does social conservatism stand for? Centre Party
650,who is Lamar Odom playing for in 2012? Los Angeles Lakers,who is _Q_ playing for in 2012? _A_,False,human,member of sports team,basketball team,No constraint relation,who is Von Wafer playing for in 2012? Portland Trail Blazers,who is Greg Smith playing for in 2012? Portland Trail Blazers
651,who makes Lois Griffin voice? Alex Borstein,who makes _Q_ voice? _A_,False,fictional human,voice actor,human,No constraint relation,who makes Monkey D. Luffy voice? Mayumi Tanaka,who makes Sakaki voice? Christine Auten
654,what position does Terrell Owens play? Wide Receiver,what position does _Q_ play? _A_,False,human,position played on team / speciality,American football position,No constraint relation,what position does Howard Fest play? tackle,what position does Jim Nicholson play? tackle
657,who was Louis Xvi? King of France,who was _Q_? King of _A_,False,['human'],country of citizenship,"['republic', 'country', 'Mediterranean country', 'sovereign state']",No constraint relation,Search space issue,Search space issue
659,who did Lamar Odom sign with? Los Angeles Clippers,who did _Q_ sign with? _A_,False,human,member of sports team,basketball team,No constraint relation,who did Miro Bilan sign with? ASVEL Basket,who did Joe Stephens sign with? ASVEL Basket
662,who played jacob black? Taylor Lautner,who played _Q_? _A_,False,literary character,performer,human,No constraint relation,who played Smaug? Benedict Cumberbatch,who played Superman? Kyle MacLachlan
664,what university did Bill Clinton graduated from? Yale Law School,what university did _Q_ graduated from? _A_,False,human,educated at,law school,No constraint relation,what university did Dick Button graduated from? Harvard Law School,what university did Roberto Mangabeira Unger graduated from? Harvard Law School
672,what type of currency does the Us have? United States dollar,what type of _Q_ does the Us have? _A_,False,No type,model item,No type,No constraint relation,Search space issue,Search space issue
675,where is oceania on a map? Pacific Ocean,where is _Q_ on a map? _A_,True,geographic region,has part or parts,geographic region,No constraint relation,where is Neder-Betuwe on a map? Betuwe,where is Sahel on a map? Sudano-Sahelian Region
678,who was the president of Pakistan in 1980? Muhammad Zia-Ul-Haq,who was the president of _Q_ in 1980? _A_,True,['human'],country of citizenship,"['country', 'sovereign state']",No constraint relation,Search space issue,Search space issue
679,which college did Barack Obama attend? Columbia University,which college did _Q_ attend? _A_,False,['human'],educated at,"['private university', 'geographic location', 'research university', 'Colonial Colleges', 'private not-for-profit educational institution']",No constraint relation,Search space issue,Search space issue
680,where was st elizabeth ann Seton born? New York City,where was st _Q_ born? _A_,False,['human'],place of birth,"['million city', 'city of the United States', 'port settlement', 'city', 'largest city', 'city in the state of New York', 'big city', 'global city']",No constraint relation,Search space issue,Search space issue
686,when was the last time the Oakland raiders won the super bowl? Super Bowl XV,when was the last time the Oakland raiders won the _Q_? _A_,True,Super Bowl,instance of,recurring sporting event,No constraint relation,when was the last time the Oakland raiders won the Super Bowl? Super Bowl XX,when was the last time the Oakland raiders won the Super Bowl? Super Bowl XXII
688,when do they change the time in London? Greenwich Mean Time,when do they change the time in _Q_? _A_,False,ceremonial county of England,located in time zone,time zone,No constraint relation,when do they change the time in City of London? Greenwich Mean Time,when do they change the time in Greater London? Greenwich Mean Time
689,what timezone is tennessee nashville? Central Time Zone,what timezone is _Q_ nashville? _A_,False,U.S. state,located in time zone,time zone,No constraint relation,what timezone is Kansas nashville? Central Time Zone,what timezone is Indiana nashville? Central Time Zone
693,who is the voice of lois from family guy? Alex Borstein,who is the voice of _Q_ from family guy? _A_,False,fictional human,voice actor,human,No constraint relation,who is the voice of Monkey D. Luffy from family guy? Mayumi Tanaka,who is the voice of Sakaki from family guy? Christine Auten
694,what was Walt Disney'S first cartoon called? Steamboat Willie,what was _Q_ Disney'S first cartoon called? _A_,True,animated short film,film crew member,human,No constraint relation,what was Ferdinand Horvath Disney'S first cartoon called? Buddy the Woodsman,what was John Hench Disney'S first cartoon called? Toccata and Fugue in D Minor
695,what currency do i need in Egypt? Egyptian pound,what _Q_ do i need in Egypt? _A_,True,No type,instance of,No type,No constraint relation,Search space issue,Search space issue
700,"where did Douglas Macarthur die? Washington, D.C.",where did _Q_ die? _A_,False,['human'],place of death,"['first-level administrative country subdivision', 'city of the United States', 'capital', 'federal district', 'big city']",No constraint relation,Search space issue,Search space issue
702,who does David Beckham play for in 2013? Paris Saint-Germain F.C.,who does _Q_ play for in 2013? _A_,False,['human'],member of sports team,"['association football club', 'business']",No constraint relation,Search space issue,Search space issue
704,who does Blake Griffin play for in the Nba? Los Angeles Clippers,who does _Q_ play for in the Nba? _A_,False,human,drafted by,basketball team,No constraint relation,who does Jim Holstein play for in the Nba? Los Angeles Lakers,who does Joe Crawford play for in the Nba? Los Angeles Lakers
707,what was Francisco Vasquez De Coronado known for? Mexico City,what was _Q_ known for? _A_,False,['human'],place of death,"['million city', 'city', 'capital', 'federative entity of Mexico', 'big city']",No constraint relation,Search space issue,Search space issue
708,what form of government does greece use? Hellenic Parliament,what form of government does _Q_ use? _A_,False,country,legislative body,unicameral legislature,No constraint relation,what form of government does Armenia use? National Assembly of Armenia,what form of government does New Zealand use? New Zealand Parliament
709,where did the columbia river begin? British Columbia,where did the _Q_ begin? _A_,False,river,located in the administrative territorial entity,province of Canada,No constraint relation,where did the Little Opinaca River begin? Quebec,where did the Little Waswanipi River begin? Quebec
710,who was the original voice of meg on family guy? Lacey Chabert,who was the original voice of _Q_ on family guy? _A_,False,fictional human,voice actor,human,No constraint relation,who was the original voice of Ran Mouri on family guy? Núria Trifol,who was the original voice of Ran Mouri on family guy? Lee Hyeon-jin
715,where do samsung lions play? Daegu Baseball Stadium,where do _Q_ play? _A_,True,stadium,occupant,baseball team,No constraint relation,where do New Orleans Pelicans play? Caesars Superdome,where do Fukui Miracle Elephants play? Fukui Prefectural Stadium
717,who did Mike Tomlin play for? Pittsburgh Steelers,who did _Q_ play for? _A_,True,American football team,head coach,human,No constraint relation,who did Roy K. Thomas play for? 1910 Fairmount Wheatshockers football team,who did Dabo Swinney play for? Clemson Tigers football
718,what kind of currency does Cuba use? Cuban peso,what kind of _Q_ does Cuba use? _A_,True,No type,instance of,No type,No constraint relation,Search space issue,Search space issue
721,what was Arthur Conan Doyle famous for? Sherlock Holmes,what was _Q_ famous for? _A_,True,literary character,creator,human,No constraint relation,what was Lucy Maud Montgomery famous for? Anne Shirley,what was Henryk Sienkiewicz famous for? Onufry Zagłoba
724,what kind of guitar does Jemaine Clement play? Bass guitar,what kind of guitar does _Q_ play? _A_,False,No type,instrument,No type,No constraint relation,Search space issue,Search space issue
726,where is George Bush from? New Haven,where is _Q_ from? _A_,False,['human'],place of birth,"['city of the United States', 'big city']",No constraint relation,Search space issue,Search space issue
731,where did Phil Mickelson go to college? Arizona State University,where did _Q_ go to college? _A_,False,['human'],educated at,"['open-access publisher', 'public educational institution of the United States', 'university']",No constraint relation,Search space issue,Search space issue
732,what does guyana speak? English Language,what does _Q_ speak? _A_ Language,False,country,language used,modern language,No constraint relation,what does Hungary speak? Slovak Language,what does Finland speak? Chinese Language
735,what is the official language spoken in Mexico? Spanish Language,what is the official language spoken in _Q_? _A_ Language,False,sovereign state,official language,language,No constraint relation,what is the official language spoken in Central African Republic? French Language,what is the official language spoken in Guinea? French Language
736,what County is Minneapolis Mn in? Hennepin County,what County is _Q_ Mn in? _A_,True,skyscraper,located in the administrative territorial entity,big city,No constraint relation,what County is Toronto Mn in? L Tower,what County is Brazzaville Mn in? Nabemba Tower
738,what team is ronaldinho on? Clube Atlético Mineiro,what team is _Q_ on? _A_,False,['human'],member of sports team,['association football club'],No constraint relation,Search space issue,Search space issue
741,who was cleopatra married too? Mark Antony,who was _Q_ married too? _A_,False,['human'],spouse,['human'],No constraint relation,Search space issue,Search space issue
743,what was Jesse James wife name? Zerelda Mimms,what was _Q_ wife name? _A_,False,['human'],spouse,['human'],No constraint relation,Search space issue,Search space issue
748,who voice acts Peter Griffin? Seth Macfarlane,who voice acts _Q_? _A_,False,gamer,voice actor,human,No constraint relation,who voice acts Peter Griffin? Jérôme Rebbot,who voice acts Peter Griffin? Oleg Forostenko
749,who was Charles Darwin married to? Emma Darwin,who was _Q_ married to? _A_,False,['human'],spouse,['human'],No constraint relation,Search space issue,Search space issue
750,who plays Lynette on desperate housewives? Felicity Huffman,who plays Lynette on _Q_? _A_,False,television series,cast member,human,No constraint relation,who plays Lynette on CSI: Crime Scene Investigation? Alex Carter,who plays Lynette on CSI: Crime Scene Investigation? Jessica Lucas
752,what timezone is the state of Texas? Central Time Zone,what timezone is the state of _Q_? _A_,False,U.S. state,located in time zone,time zone,No constraint relation,what timezone is the state of Kansas? Central Time Zone,what timezone is the state of Indiana? Central Time Zone
757,what is vanderbilt university known for? Vanderbilt University School Of Medicine,what is _Q_ known for? _A_,False,open-access publisher,subsidiary,faculty,No constraint relation,what is Eötvös Loránd University known for? ELTE Faculty of Informatics,what is Vanderbilt University known for? Vanderbilt University Law School
758,what timezone is toronto gmt? North American Eastern Time Zone,what timezone is _Q_ gmt? _A_ Zone,False,city,located in time zone,time zone,No constraint relation,what timezone is Fier gmt? Central European Time Zone,what timezone is Kriva Palanka gmt? Central European Time Zone
759,where did James Baldwin go to school? Dewitt Clinton High School,where did _Q_ go to school? _A_,False,human,educated at,high school,No constraint relation,where did Bill Cunliffe go to school? Phillips Academy,where did George R. Carter go to school? Phillips Academy
761,who made The American Red Cross? Clara Barton,who made The _Q_? _A_,False,National Red Cross and Red Crescent Society,founded by,human,No constraint relation,who made The French Red Cross? Henry Dunant,who made The Yemen Red Crescent Society? Abdullah Alkhamesi
764,"who played Daniel Larusso? Ralph Macchio, Sr.","who played _Q_? _A_, Sr.",False,fictional human,performer,human,No constraint relation,"who played Lucius Fox? Brock Peters, Sr.","who played Dr. John Watson? Martin Freeman, Sr."
766,who does David Beckham play for in 2012? La Galaxy,who does _Q_ play for in 2012? _A_,False,['human'],member of sports team,"['association football club', 'association football team']",No constraint relation,Search space issue,Search space issue
768,where did macho camacho got shot at? San Juan,where did _Q_ got shot at? _A_,False,human,place of death,big city,No constraint relation,where did Zbigniew Szymański got shot at? Gdynia,where did Alojzy Nagel got shot at? Gdynia
771,who was the winner of the 2009 nobel peace prize? Barack Obama,who was the winner of the 2009 _Q_? _A_,False,peace award,winner,human,No constraint relation,who was the winner of the 2009 Nobel Peace Prize? Mother Teresa,who was the winner of the 2009 Nobel Peace Prize? Juan Manuel Santos
772,who is ruling North Korea now? Kim Jong-Un,who is ruling _Q_ now? _A_,False,people's republic,head of state,human,No constraint relation,who is ruling Cook Islands now? Elizabeth II,who is ruling Bangladesh now? Abdul Hamid
773,who does cristiano ronaldo play for now 2011? Portugal national football team,who does _Q_ play for now 2011? Portugal national _A_ team,False,['human'],sport,"['type of sport', 'Olympic sport', 'spectator sport']",No constraint relation,Search space issue,Search space issue
776,what instrument does Mike Huckabee play? Bass guitar,what instrument does _Q_ play? _A_,False,No type,instrument,No type,No constraint relation,Search space issue,Search space issue
778,what region is Czech republic in? Central Europe,what region is _Q_ in? _A_,False,sovereign state,part of,geographic region,No constraint relation,what region is Turkey in? Western Asia,what region is Venezuela in? Latin America
779,what continent is greenland located? North America,what continent is _Q_ located? _A_,False,island nation,continent,continent,No constraint relation,what continent is Bizone located? Europe,what continent is East Timor located? Asia
781,who did Wayne Gretzky play 4? Edmonton Oilers,who did _Q_ play 4? _A_,False,human,member of sports team,ice hockey team,No constraint relation,who did Ilya Byakin play 4? HC Lada Togliatti,who did Vladimir Denisov play 4? HC Lada Togliatti
786,what is Brazilian jiu jitsu? Martial arts,what is _Q_? _A_,False,martial arts,instance of,type of sport,No constraint relation,what is Shindenkai? martial arts,what is Karate Combat? martial arts
787,what are the major languages in Italy? Italian Language,what are the major languages in _Q_? _A_ Language,False,country,country,country,No constraint relation,what are the major languages in Jordan? Jordan Language,what are the major languages in Oman? Oman Language
795,who do Nate Robinson play for? Chicago Bulls,who do _Q_ play for? _A_,False,human,member of sports team,basketball team,No constraint relation,who do Miro Bilan play for? ASVEL Basket,who do Joe Stephens play for? ASVEL Basket
796,where does the panama canal run through? Panama Canal Zone,where does the _Q_ run through? _A_,True,unincorporated territory,named after,ship canal,No constraint relation,where does the Panama Canal run through? Panama Canal Zone,No second example
798,what did Gerald Ford do? President of The United States,what did _Q_ do? President of The _A_,False,['human'],country of citizenship,"['democratic republic', 'country', 'superpower', 'constitutional republic', 'sovereign state', 'federal republic']",No constraint relation,Search space issue,Search space issue
799,what is the rainforest in Peru called? Amazon rainforest,what is the rainforest in _Q_ called? _A_,True,tropical forest,country,sovereign state,No constraint relation,what is the rainforest in Peru called? Amazon rainforest,what is the rainforest in Venezuela called? Amazon rainforest
802,who is the ravens quarterback 2012? Joe Flacco,who is the ravens _Q_ 2012? _A_,True,human,position played on team / speciality,American football position,No constraint relation,who is the ravens tackle 2012? Dave Wannstedt,who is the ravens tackle 2012? Duke Slater
803,who is the current leader of China and what is their title? Xi Jinping,who is the current leader of _Q_ and what is their title? _A_,False,people's republic,head of state,human,No constraint relation,who is the current leader of Cook Islands and what is their title? Elizabeth II,who is the current leader of Bangladesh and what is their title? Abdul Hamid
805,what is a king charles cavalier dog? Toy Group,what is a king charles cavalier _Q_? _A_,True,dog type,subclass of,organisms known by a particular common name,No constraint relation,what is a king charles cavalier dog? Indian pariah dog,what is a king charles cavalier dog? Royal Bourbon
808,who was the voice of darth vader in episode iii? Hayden Christensen,who was the voice of _Q_ in episode iii? _A_,False,fictional human,performer,human,No constraint relation,who was the voice of Lucius Fox in episode iii? Brock Peters,who was the voice of Dr. John Watson in episode iii? Martin Freeman
810,who is the head coach of the New Orleans saints? Sean Payton,who is the head coach of the _Q_? _A_,False,American football team,head coach,human,No constraint relation,who is the head coach of the 1910 Fairmount Wheatshockers football team? Roy K. Thomas,who is the head coach of the Clemson Tigers football? Dabo Swinney
813,what all did Michael Jackson own? Neverland Ranch,what all did _Q_ own? _A_,False,['human'],owner of,"['building', 'estate', 'park']",No constraint relation,Search space issue,Search space issue
814,what form of government does Canada have? Parliamentary system,what form of government does _Q_ have? _A_,False,country,basic form of government,form of government,No constraint relation,what form of government does Estonia have? republic,what form of government does Ivory Coast have? republic
815,what language does people speak in Australia? English Language,what language does people speak in _Q_? _A_ Language,False,country,language used,language,No constraint relation,what language does people speak in Algeria? French Language,what language does people speak in Algeria? French Language
816,who married Jessica Simpson? Nick Lachey,who married _Q_? _A_,True,['human'],spouse,['human'],No constraint relation,Search space issue,Search space issue
818,who controls Panama? Ricardo Martinelli,who controls _Q_? _A_,True,['human'],country of citizenship,['sovereign state'],No constraint relation,Search space issue,Search space issue
821,who helped China in Ww2? United States Of America,who helped _Q_ in Ww2? _A_,False,sovereign state,diplomatic relation,federal republic,No constraint relation,who helped Uzbekistan in Ww2? United States of America,who helped Australia in Ww2? United States of America
822,what race are Arabs? Semitic people,what race are _Q_? _A_,False,ethnic group,part of,panethnicity,No constraint relation,what race are Palestinians? Semitic people,what race are Taiwanese indigenous peoples? Austronesian people
826,what continent does the Bahamas belong to? North America,what continent does the _Q_ belong to? _A_,False,country,continent,continent,No constraint relation,what continent does the Tanzania belong to? Africa,what continent does the Comoros belong to? Africa
830,"where is Bob Marley from where was he born? Nine Mile, Jamaica",where is _Q_ from where was he born? _A_,False,['human'],place of birth,"['human settlement', 'town']",No constraint relation,Search space issue,Search space issue
833,what currency can you use in Aruba? Aruban florin,what _Q_ can you use in Aruba? _A_,True,No type,instance of,No type,No constraint relation,Search space issue,Search space issue
836,who played Carlton Banks? Alfonso Ribeiro,who played _Q_? _A_,False,television series,cast member,human,No constraint relation,who played Twin Peaks? Joan Chen,who played Breaking Bad? Harry Groener
838,who is the current leader of Cuba today? Raúl Castro,who is the current leader of _Q_ today? _A_,True,['human'],country of citizenship,"['country', 'sovereign state']",No constraint relation,Search space issue,Search space issue
840,"what hotel should i stay in San Francisco? Palace Hotel, San Francisco",what _Q_ should i stay in San Francisco? _A_,True,No type,instance of,No type,No constraint relation,Search space issue,Search space issue
842,who is Angelina Jolie husband name? Brad Pitt,who is _Q_ husband name? _A_,False,['human'],unmarried partner,['human'],No constraint relation,Search space issue,Search space issue
847,when did the colts last win the superbowl? Super Bowl XLI,when did the colts last win the _Q_? Super Bowl _A_,True,Super Bowl,instance of,recurring sporting event,No constraint relation,when did the colts last win the Super Bowl? Super Bowl Super Bowl XIX,when did the colts last win the Super Bowl? Super Bowl Super Bowl LV
853,who plays Effy in skins Uk? Kaya Scodelario,who plays Effy in _Q_? _A_,False,television series,cast member,human,No constraint relation,who plays Effy in More Than Life at Stake? Janusz Paluszkiewicz,who plays Effy in More Than Life at Stake? Zygmunt Zintel
856,what are the official languages in Spain? Spanish Language,what are the official languages in _Q_? _A_ Language,False,sovereign state,official language,language,No constraint relation,what are the official languages in Uruguay? Spanish Language,what are the official languages in San Marino? Italian Language
857,what club did Santi Cazorla play for? Spain national football team,what club did _Q_ play for? Spain national _A_ team,False,['human'],sport,"['type of sport', 'Olympic sport', 'spectator sport']",No constraint relation,Search space issue,Search space issue
858,what highschool did bill gates graduated from? Lakeside School,what highschool did _Q_ graduated from? _A_,False,human,educated at,school,No constraint relation,what highschool did Rudolf Kocéa graduated from? Staatliche Zeichenakademie Hanau,what highschool did Jon Snow graduated from? St Edward's School
859,where does the Atlanta braves play? Turner Field,where does the _Q_ play? _A_,True,architectural structure,operator,baseball team,No constraint relation,where does the Atlanta Braves play? Turner Field,where does the Colorado Rockies play? Coors Field
861,what do people from Spain speak? Spanish Language,what do people from _Q_ speak? _A_ Language,False,sovereign state,language used,modern language,No constraint relation,what do people from Finland speak? Bulgarian Language,what do people from Finland speak? Croatian Language
862,when will muharram start 2011? Islamic calendar,when will _Q_ start 2011? _A_,False,calendar month,part of,lunar calendar,No constraint relation,when will Muharram start 2011? Islamic calendar,when will uMandulo start 2011? Zulu calendar
870,who did George Wendt play on cheers? Norm Peterson,who did _Q_ play on cheers? _A_,True,fictional human,performer,human,No constraint relation,who did Atsuko Tanaka play on cheers? Poison,who did Johnny Galecki play on cheers? Leonard Hofstadter
877,who is the publisher of The Wall Street Journal? Dow Jones & Company,who is the publisher of The _Q_? _A_,False,daily newspaper,publisher,business,No constraint relation,who is the publisher of The Seattle Post-Intelligencer? Hearst Communications,who is the publisher of The The Sun? News Corp
880,what position did John Stockton play? Point guard,what position did _Q_ play? _A_,False,human,position played on team / speciality,basketball position,No constraint relation,what position did Petri Virtanen play? point guard,what position did Raúl Pérez Varela play? point guard
884,who did Troy Aikman play for? Dallas Cowboys,who did _Q_ play for? _A_,False,human,member of sports team,American football team,No constraint relation,who did Dave LaFary play for? New Orleans Saints,who did Dave Parks play for? New Orleans Saints
887,what continent is greenland apart of? North America,what continent is _Q_ apart of? _A_,False,island nation,continent,continent,No constraint relation,what continent is Bizone apart of? Europe,what continent is East Timor apart of? Asia
889,who made the ancient Egyptian pyramids? Ancient Egypt,who made the ancient _Q_? _A_,False,necropolis,country of origin,historical region,No constraint relation,who made the ancient Vicenne necropolis? Langobardia Minor,who made the ancient Giza pyramid complex? Ancient Egypt
890,where did the San Diego chargers originate? Los Angeles Chargers,where did the _Q_ originate? _A_,False,aspect of history,facet of,American football team,No constraint relation,where did the history of the Cincinnati Bengals originate? Cincinnati Bengals,where did the history of the Seattle Seahawks originate? Seattle Seahawks
891,who was the voice of nemo's dad? Albert Brooks,who was the voice of _Q_'s dad? _A_,False,animated feature film,voice actor,human,No constraint relation,who was the voice of Peter Pan's dad? Connie Hilton,who was the voice of Peter Pan's dad? Tony Butala
892,who was king george v father? Edward VII,who was _Q_ v father? _A_,False,['human'],father,['human'],No constraint relation,Search space issue,Search space issue
900,when did Carolina hurricanes win the cup? 2006 Stanley Cup Finals,when did _Q_ win the cup? _A_,True,Stanley Cup,winner,ice hockey team,No constraint relation,when did Pittsburgh Penguins win the cup? 2017 Stanley Cup Finals,when did St. Louis Blues win the cup? 2019 Stanley Cup Finals
901,who does Jr Smith play for 2012? New York Knicks,who does _Q_ play for 2012? _A_,False,human,member of sports team,basketball team,No constraint relation,who does Henri Rey play for 2012? ASVEL Basket,who does Arsène Ade-Mensah play for 2012? ASVEL Basket
902,who currently owns the Steelers? Rooney family,who currently owns the _Q_? _A_,False,American football team,owned by,family,No constraint relation,who currently owns the Pittsburgh Steelers? Rooney family,No second example
903,who has Dirk Nowitzki played for? Dallas Mavericks,who has _Q_ played for? _A_,False,human,member of sports team,basketball team,No constraint relation,who has Henri Rey played for? ASVEL Basket,who has Arsène Ade-Mensah played for? ASVEL Basket
905,where is Shoreview Mn? Ramsey County,where is _Q_ Mn? _A_,False,city of the United States,located in the administrative territorial entity,county of Minnesota,No constraint relation,where is Anoka Mn? Anoka County,where is Lauderdale Mn? Ramsey County
906,what club team does Ronaldinho play for? Clube Atlético Mineiro,what club team does _Q_ play for? _A_,False,['human'],member of sports team,['association football club'],No constraint relation,Search space issue,Search space issue
911,"what Mark Zuckerberg? Facebook, Inc.",what _Q_? _A_,True,website,creator,public company,No constraint relation,what Google? Google Notebook,what Google? Google Notebook
912,who did Japan surrender to in ww2? Iwane Matsui,who did _Q_ surrender to in ww2? _A_,True,['human'],country of citizenship,"['island nation', 'country', 'sovereign state']",No constraint relation,Search space issue,Search space issue
913,what basketball team does Kris Humphrey play for? Brooklyn Nets,what _Q_ team does Kris Humphrey play for? _A_,True,basketball team,sport,Olympic sport,No constraint relation,what basketball team does Kris Humphrey play for? Basket Brescia Leonessa,what basketball team does Kris Humphrey play for? Basket Zaragoza 2002
914,what is time zone in Hawaii? Hawaii–Aleutian Time Zone,what is _Q_ in Hawaii? _A_,True,No type,instance of,No type,No constraint relation,Search space issue,Search space issue
916,who played princess leia's mother in star wars? Padmé Amidala,who played _Q_'s mother in star wars? _A_,False,fictional human,mother,fictional human,No constraint relation,who played Mutt Williams's mother in star wars? Marion Ravenwood,who played Prince Hamlet's mother in star wars? Gertrude
919,from which university did president Obama receive his bachelor's degree? University Of Chicago,from which university did president _Q_ receive his bachelor's degree? University Of _A_,False,human,work location,city of Illinois,No constraint relation,from which university did president Barack Obama receive his bachelor's degree? University Of Chicago,from which university did president Gus Kahn receive his bachelor's degree? University Of Chicago
925,what division is Cincinnati bengals in? Afc North,what division is _Q_ in? _A_,False,American football team,part of,sports division,No constraint relation,what division is Arizona Cardinals in? NFC West,what division is San Francisco 49ers in? NFC West
926,who is the current president of China 2010? Hu Jintao,who is the current president of _Q_ 2010? _A_,True,['human'],country of citizenship,"['communist state', 'state with limited recognition', 'dictatorship of the proletariat', 'secular state', 'country', 'constitutional republic', 'sovereign state', 'socialist state', ""people's republic""]",No constraint relation,Search space issue,Search space issue
932,what time zone is Fresno ca? Pacific Time Zone,what _Q_ is Fresno ca? _A_,True,No type,instance of,No type,No constraint relation,Search space issue,Search space issue
936,where did Robert Pattinson go to acting school? The Harrodian School,where did _Q_ go to acting school? The _A_,False,human,educated at,school,No constraint relation,where did Jonathan Starr go to acting school? The Worcester Academy,where did Donnie Nelson go to acting school? The Worcester Academy
938,who won the super bowl xliv 2010? New Orleans Saints,who won the _Q_ xliv 2010? _A_,False,Super Bowl,winner,American football team,No constraint relation,who won the Super Bowl XVIII xliv 2010? Los Angeles Raiders,who won the Super Bowl XXXIX xliv 2010? New England Patriots
942,who does cristiano ronaldo play for? Real Madrid C.F.,who does _Q_ play for? _A_,False,['human'],member of sports team,['association football club'],No constraint relation,Search space issue,Search space issue
945,who is Clint Eastwood dating? Dina Eastwood,who is _Q_ dating? _A_,True,['human'],spouse,['human'],No constraint relation,Search space issue,Search space issue
952,who does leia think her father is? Bail Organa,who does _Q_ think her father is? _A_,False,fictional human,relative,fictional human,No constraint relation,who does Georgiana Darcy think her father is? Elizabeth Bennet,who does Calanthe think her father is? Cirilla Fiona Elen Riannon
953,who is president of France? Nicolas Sarkozy,who is president of _Q_? _A_,True,['human'],country of citizenship,"['republic', 'country', 'Mediterranean country', 'sovereign state']",No constraint relation,Search space issue,Search space issue
957,who plays batman in 2012? Christian Bale,who plays _Q_ in 2012? _A_,False,comics character,performer,human,No constraint relation,who plays Superman in 2012? Channing Tatum,who plays Superman in 2012? Tom Welling
962,what form of government does Czech republic have? Parliamentary republic,what form of government does _Q_ have? _A_,False,country,basic form of government,form of government,No constraint relation,what form of government does New Zealand have? parliamentary monarchy,what form of government does Singapore have? parliamentary republic
963,who is the leader of Syria now? Bashar Al-Assad,who is the leader of _Q_ now? _A_,False,country,head of state,human,No constraint relation,who is the leader of Cook Islands now? Elizabeth II,who is the leader of Niue now? Patsy Reddy
964,what movies has Renee Zellweger been in? Bridget Jones'S Diary,what movies has _Q_ been in? _A_,True,['film'],cast member,['human'],No constraint relation,Search space issue,Search space issue
969,what money do they use in Thailand? Thai baht,what money do they use in _Q_? _A_,False,sovereign state,currency,currency,No constraint relation,what money do they use in Samoa? Samoan tālā,what money do they use in Solomon Islands? Solomon Islands dollar
970,who plays Stewie Griffin'S voice family guy? Seth Macfarlane,who plays _Q_ Griffin'S voice family guy? _A_,False,fictional human,voice actor,human,No constraint relation,who plays Ran Mouri Griffin'S voice family guy? Núria Trifol,who plays Ash Ketchum Griffin'S voice family guy? Balázs Szvetlov
972,where did Paul Rudd go to high school? Shawnee Mission West High School,where did _Q_ go to high school? _A_,False,human,educated at,high school,No constraint relation,where did Bill Cunliffe go to high school? Phillips Academy,where did George R. Carter go to high school? Phillips Academy
973,who plays jacob black in twilight? Taylor Lautner,who plays _Q_ in twilight? _A_,False,literary character,performer,human,No constraint relation,who plays Smaug in twilight? Benedict Cumberbatch,who plays Superman in twilight? Kyle MacLachlan
975,what airport is close to Scottsdale Arizona? Scottsdale Airport,what airport is close to Scottsdale _Q_? _A_,True,airport,located in the administrative territorial entity,U.S. state,No constraint relation,what airport is close to Scottsdale Oregon? Dry Creek Airpark,what airport is close to Scottsdale Maine? Biddeford Municipal Airport
976,who plays Noah Bennet? Jack Coleman,who plays _Q_? _A_,False,fictional human,performer,human,No constraint relation,who plays Lucius Fox? Brock Peters,who plays Dr. John Watson? Martin Freeman
